freq_GHz,eta_output,eta_input_reflection,eta_dump,eta_all_external,active_return_loss_min_dB,matched_input_isolation_min_dB,output_path_amplitude_spread_dB,output_path_phase_spread_deg,reciprocity_error_max,singular_value_max,reference_eta_output,eta_output_error
9.0,0.5124089447513246,0.48756370344427435,2.7351805546232864e-05,1.000000000001145,3.097910163842471,7.164437359078548,0.12699430912809836,0.4127381691999997,5.822334945008544e-15,1.0000000000032367,0.5188145876339065,-0.006405642882581941
9.05,0.5917523560366493,0.4082369773299728,2.0584086370251766e-05,1.0000099174529924,3.8645129254013777,7.095183870040299,0.11551035628914443,0.4786482868999944,2.3067071876194374e-14,1.0000096008644868,0.5975541249217116,-0.005801768885062231
9.1,0.6891153741365106,0.3108656865684484,1.4106520121591313e-05,0.9999951672250804,5.031370773554121,7.192152009412086,0.1022116718045102,0.5298271965999909,9.999938370537666e-15,1.0000013010929427,0.6936191012647398,-0.004503727128229218
9.15,0.7982048611346061,0.20178601535434565,8.153551833281009e-06,0.999999030040785,6.8802109263250975,7.498658570128878,0.08720566666812504,0.5654465140000003,1.6092539738594973e-14,1.0000003396466308,0.800625983757073,-0.0024211226224668536
9.2,0.9027928095276463,0.09720578073587749,3.6284170980763073e-06,1.000002218680622,9.992084706403737,8.05801380562858,0.07063701600388074,0.5829900840000068,1.6863501156307425e-14,1.0000025306635003,0.9028948962298623,-0.0001020867022160088
9.25,0.9774437579836424,0.022553667188264095,2.0841191535249703e-06,0.99999950929106,16.1296318880105,8.875459836385517,0.05273865734575347,0.5784584570000085,1.9999949660832866e-14,1.000001455054176,0.9764340395010294,0.001009718482612998
9.3,0.9992067679348571,0.0007883021212072309,5.0081774998120695e-06,1.000000078233564,30.325239808131414,9.86816822089126,0.03400279721160225,0.5461491569999961,2.7165373218896666e-13,1.0000024489955772,0.9997599552497987,-0.0005531873149415834
9.35,0.9640767593375345,0.03591265032298864,1.2698916819750845e-05,1.0000021085773432,14.111689726926915,10.87330278754811,0.01806634461682862,0.48047625800000043,1.039325064658567e-12,1.0000095890953498,0.968754074996225,-0.004677315658690562
9.4,0.889516084719048,0.11048052574369772,2.3861005352587555e-05,1.0000204714680982,9.323918231339794,11.770448595293605,0.028386507934203754,0.37681313100002006,1.0223664313717347e-12,1.0000249474854845,0.8991496548724306,-0.00963357015338262
9.45,0.8002568724173701,0.1997252373970466,3.619594816446939e-05,1.000018305762581,6.786443458816706,12.584262689595299,0.03988830362350559,0.23451036200000344,2.5499627202244602e-14,1.000015074297104,0.8140005528851151,-0.01374368046774499
9.5,0.7148714114797908,0.28504014468283384,4.7146724447244014e-05,0.999958702887072,5.261535435705568,13.369715226538668,0.042904223599488825,0.06762873099999207,1.0001424294655856e-12,1.0000218258782658,0.7312564000185137,-0.016384988538722833
9.55,0.6425994881312306,0.35728761685954535,5.4520075155856446e-05,0.9999416250659318,4.298081542945375,13.883564625755094,0.03550433839744041,0.17225879250000517,1.0000101993499778e-12,1.0000460700329799,0.6603271318624603,-0.017727643731229703
9.6,0.58617422401894,0.41376737330428753,5.720902919213892e-05,0.9999988063524197,3.6797011740518966,13.703335872787687,0.0188363555633318,0.2971495403999986,6.237550897772652e-14,1.000030742848989,0.6043607559831575,-0.01818653196421749
9.65,0.5452056809697783,0.4546921432862749,5.5607643215802504e-05,0.9999534318992689,3.2900998096386695,12.820602978881272,0.03266775366336363,0.35921850570000374,1.1108566701274075e-12,1.0000291362727978,0.5633330580147781,-0.018127377044999782
9.7,0.5183096836904783,0.48138080259048005,5.116764029105625e-05,0.9997416539212494,3.0619112429034914,11.616352182566501,0.0545104684346465,0.3570655559000005,1.1061916389855274e-11,1.0000971191779517,0.536100230809998,-0.017790547119519773
9.75,0.5041276182202608,0.4953790481398216,4.5483577275828103e-05,0.9995521499373582,2.955217973137256,10.446352389828187,0.07250663995177087,0.3063603477999989,1.0000935978820362e-12,1.0001315491320133,0.52142747338764,-0.017299855167379197
9.8,0.5017192986481086,0.4978005731312389,3.9686673995567723e-05,0.9995595584533431,2.9494547325620593,9.451706767499115,0.0852411749493999,0.22719667409999864,1.4884747214312374e-12,1.0001149163926577,0.5184085886686718,-0.016689290020563186
9.85,0.5106605091276667,0.4890427554145187,3.434967789078779e-05,0.9997376142200762,3.0394579949469707,8.651812614609206,0.09283299388366319,0.135636724605,1.490274376089406e-12,1.000097933730169,0.5265855011236183,-0.015924991995951654
9.9,0.5310030381356186,0.4688971568214245,2.9647987407119738e-05,0.9999298429444503,3.23288026551484,8.028346172392547,0.09602482151933613,0.05832783420000063,1.5055392743059136e-13,1.0000592439142286,0.5459205324640868,-0.014917494328468228
9.95,0.5631361067354698,0.43684286543757406,2.554148753926015e-05,1.0000045136605833,3.5495781598205522,7.55942488443078,0.09561787161104338,0.138976620299999,5.101987951249861e-14,1.0000169165240667,0.5766652070661857,-0.01352910033071597
10.0,0.6075091049990793,0.39241325538372174,2.189705680132741e-05,0.9999442574396026,4.023902653652251,7.2187894262098045,0.09224828895068679,0.22607789269999862,1.0957601871191575e-12,1.0000815901350841,0.6190984040994425,-0.011589299100363215
10.05,0.6641205040066075,0.335696688197652,1.8557712332576716e-05,0.9998357499165922,4.710871995586493,7.012141673856326,0.0863535352076574,0.30603177229999695,1.098324640131094e-12,1.0001164940430878,0.6730610583265829,-0.008940554319975424
10.1,0.7316684857845587,0.26810473487202147,1.538499776725696e-05,0.9997886056543475,5.6984067656739175,6.942705141856235,0.078216271741341,0.37752291349999756,1.0000551980809989e-12,1.0001056801723982,0.7372132972539078,-0.0055448114693491535
10.15,0.8063885365182024,0.19344230185634972,1.2297307656352144e-05,0.9998431356822086,7.121208138248333,7.016157314531752,0.06803049623525734,0.43891847830000064,1.0000718936771226e-12,1.0000643476915372,0.8080547482192668,-0.0016662117010644018
10.2,0.8810177759914484,0.11891440765737045,9.314695864427677e-06,0.9999414983446833,9.213667639062756,7.237533932732801,0.05596730690699028,0.48801804800001025,8.200890981299804e-12,1.0000334127043689,0.879080808226603,0.0019369677648454209
10.25,0.9449758589784266,0.055017541644990016,6.5993761888999e-06,0.9999999999996058,12.504245975246018,7.600207612601392,0.042233552076451734,0.521938997999992,2.235766914793698e-14,1.0000000000029854,0.9409398887785474,0.004035970199879224
10.3,0.986979598249837,0.013021151454670397,4.455110769161788e-06,1.0000052048152765,18.562791493748673,8.0735439553983,0.02713437147947679,0.5370002380000032,6.801165414486332e-14,1.00002256148002,0.9835432142660422,0.003436383983794866
10.35,0.999693357123619,0.0003040215591751422,3.249395259273341e-06,1.0000006280780533,34.666083973838155,8.6029068454004,0.02072926037658731,0.5285900140000026,6.043116970587951e-14,1.0000184097820422,0.9998797219076084,-0.00018636478398947887
10.4,0.9833572270617842,0.016640040435532796,3.2801966167203083e-06,1.0000005476939338,17.45462901799415,9.13739092819947,0.03654180203683259,0.4913823850000009,7.117186214217723e-12,1.0000022340721022,0.9892439315232509,-0.005886704461466663
10.45,0.945300883639366,0.05468590414710659,4.671065329959634e-06,0.9999914588518024,12.392295448422983,9.673232873279982,0.05073522794226261,0.42070228900003404,3.3247282197733414e-14,1.0000176011110289,0.9573050006513677,-0.012004117012001658
10.5,0.8959677387874508,0.10401012263375227,7.345815883826127e-06,0.999985207237087,9.641005325493449,10.269815574716521,0.06096657498048244,0.3157845880000103,1.0001120109608467e-12,1.0000159924600267,0.9130939406642343,-0.017126201876783487
10.55,0.844840283504298,0.15514496889055143,1.104312842639242e-05,0.999996295523276,7.928854490428576,11.015073721058208,0.0643512783300159,0.1846274189999784,8.680149660023002e-15,1.000003140768278,0.8654347970733313,-0.0205945135690333
10.6,0.7984886576089953,0.20150233889314947,1.532302762661116e-05,1.0000063195297715,6.8141396953864835,11.950354564514491,0.0584238453853418,0.09133904399999339,1.9016919590792936e-14,1.0000083122513685,0.8208902326156964,-0.022401575006701036
10.65,0.760565528923179,0.23941606677479915,1.9604912384283343e-05,1.0000012006103625,6.087152943310199,12.951608613163168,0.042639130389522634,0.20931611860000107,2.480673976320838e-14,1.0000088846747792,0.7834222814579667,-0.022856752534787694
10.7,0.7326366643066698,0.2673379513600058,2.3313811284827866e-05,0.9999979294779603,5.632234793366977,13.61325879174538,0.02215861417004979,0.2713174252999935,8.756903582426403e-15,1.000002482553383,0.7549604750596869,-0.022323810753017037
10.75,0.7150460854035836,0.2849331822742884,2.6091901041580416e-05,1.0000053595789138,5.381213591917692,13.468600275289086,0.03692817833585929,0.26041085039999573,1.392378345170117e-14,1.0000047014248425,0.7361438898630762,-0.02109780445949261
10.8,0.7075225644316157,0.292458756613067,2.7905994964533697e-05,1.0000092270396472,5.290026320842251,12.579723964630073,0.060377915527645584,0.1795081513999969,1.9901268990503728e-14,1.0000071266748334,0.7268998404693571,-0.01937727603774142
10.85,0.7095144599894294,0.2904600844615272,2.8971358446034337e-05,1.0000035158094027,5.340753502689088,11.421336283762669,0.07810337157567264,0.1338109795999993,1.3913614077937588e-14,1.0000028095584679,0.7267951969761007,-0.01728073698667132
10.9,0.7203246832347208,0.2796434880515074,2.9593501560562884e-05,0.9999977647877887,5.525387648707374,10.330560383257598,0.08863548150660831,0.3100683147999986,1.257873853438947e-14,1.000001853648258,0.7352032204848594,-0.014878537250138657
10.95,0.7391193849311556,0.2608484281926252,3.005353433972388e-05,0.9999978666581205,5.8101853448886995,9.422138071474604,0.09195337754815737,0.5017278563399998,2.59881674294301e-14,1.000003881344529,0.751347398186155,-0.012228013254999448
11.0,0.7648678876415088,0.23510143514791074,3.05702166600817e-05,0.9999998930060796,6.238595680297806,8.705623669255667,0.08871696423541053,0.6965949238999981,3.3692645363283715e-14,1.0000023304211947,0.774274670869928,-0.009406783228419147
11.05,0.7962599738319446,0.20370830454423217,3.13119064847276e-05,0.9999995902826614,6.834989044867453,8.159128136389842,0.07972932091032718,0.8869491927999885,1.057606168615487e-13,1.0000007086146883,0.8027994669105589,-0.006539493078614345
11.1,0.831641369495371,0.168324479646134,3.243030147113266e-05,0.9999982794429763,7.631393057913723,7.756671305698485,0.06568991004613069,1.067749825899986,1.5255588680449113e-14,1.0000017412263533,0.8354518545722714,-0.003810485076900405
11.15,0.8690009036398452,0.13096377164154877,3.4107014075797504e-05,0.9999987822954699,8.67824565167395,7.476182420122069,0.04714881812400356,1.234977710699992,9.999365651964035e-15,1.0000012806103005,0.8704535708394658,-0.001452667199620672
11.2,0.9060233412440166,0.09394035096897405,3.662295364012466e-05,1.0000003151666308,10.058730673492473,7.301370009233407,0.024573167213062557,1.384385269299996,8.057460199755941e-15,1.0000005783225845,0.9057294072848957,0.0002939339591209178
11.25,0.9401887638946768,0.05977108069122247,4.048161612915909e-05,1.0000003262020283,11.92287612162751,7.222319482995117,0.02783368426933567,1.5105842630000046,8.399846854309312e-15,1.000000706993399,0.9389397955886918,0.0012489683059849765
11.3,0.9688687234160325,0.031084010685704898,4.665374895681039e-05,0.9999993878506942,14.5815591356246,7.236523460337887,0.0560541437834557,1.606395454000005,1.0000169671510694e-12,1.0000019937869011,0.967506666188121,0.001362057227911495
11.35,0.9893712594141081,0.010571932266063046,5.708290120250856e-05,1.0000002745813739,18.849618188000036,7.351055882036835,0.0854511962525944,1.6626943910000034,2.852263719450905e-14,1.0000016381983234,0.9886199273626257,0.0007513320514823674
11.4,0.9989425132836244,0.0009826196487629896,7.57247209201229e-05,1.0000008576533075,28.176981294773796,7.586382079101885,0.11326678952036427,1.6696563349999993,1.1896030346453062e-14,1.000024593188889,0.9992682660235966,-0.0003257527399722626
11.45,0.9948261483748525,0.00506133273873067,0.00011058573126630685,0.9999980668448493,21.418176470162592,7.982246234887632,0.13463503661677378,1.621213769999987,6.748093295479196e-14,1.0000208031728854,0.9964143599511954,-0.0015882115763429239
11.5,0.9745482936166668,0.02527440819121218,0.00017729819155086392,0.9999999999994301,15.168331594107066,8.605538046780675,0.14177478235526172,1.5251474339999713,3.4500873203069084e-14,1.0000000000024676,0.9774623280087369,-0.002914034392070053
