freq_GHz,P1_RL_dB,P2_RL_dB,P3_RL_dB,P4_RL_dB,Sigma_RL_dB,Delta1_RL_dB,Delta2_RL_dB,Delta3_RL_dB,worst_modal_conversion_dB
9.0,12.609972668920966,12.604610988271022,6.631006920497093,1.2348200199451025,0.9841505936075118,1.1858257537463805e-05,1.185051413932436,0.18941702320151368,-7.001687289827454
9.025,12.650014481029677,12.643030695325416,6.607539626422741,1.2386414186940202,0.9831129904529601,6.662638143993611e-06,1.183626091289515,0.19001961484255422,-7.007968755373705
9.05,12.690450901865475,12.681818979667849,6.584157167268083,1.2425417799658922,0.9822913465060432,3.8419940462574095e-06,1.1822772732513196,0.1905473064992136,-7.013486627771673
9.075,12.731303658651656,12.72099935828007,6.560828907216409,1.246518357156829,0.9816822303474583,2.71313726295287e-06,1.1809977660196287,0.19100047490497657,-7.018262574343549
9.1,12.772595856457254,12.760596508563335,6.537525232619683,1.250568731298035,0.9812818460439864,2.734153187821448e-06,1.1797806657528487,0.191379780205449,-7.02231916177917
9.125,12.814351756476077,12.800636075636575,6.514217630713023,1.2546907830185305,0.9810860783906801,3.4833747041588887e-06,1.1786193521538573,0.1916861521439747,-7.025679759271491
9.15,12.8565965681681,12.84114449145047,6.490878763116431,1.2588826660607166,0.9810905340118513,4.640450054757614e-06,1.1775074813489965,0.191920775979671,-7.028368446646839
9.175,12.899356255217537,12.88214880567049,6.467482534050628,1.2631427824721966,0.9812905785475624,5.969394568350848e-06,1.176438978229481,0.19208507825625076,-7.030409927412265
9.2,12.942657355160705,12.923676528198083,6.444004153195213,1.2674697595672344,0.9816813701678268,7.303515582490858e-06,1.1754080284056498,0.19218071252405602,-7.031829446598796
9.225,12.986526812448194,12.965755483127806,6.420420193120981,1.2718624287232405,0.9822578896625891,8.532099982802808e-06,1.1744090699069352,0.19220954510716987,-7.032652713241969
9.25,13.030991824627222,13.00841367387595,6.396708641230989,1.2763198060521113,0.9830149673614861,9.588754513953778e-06,1.1734367847423506,0.1921736409937797,-7.032905827317
9.275,13.076079701262328,13.051679159159907,6.372848946151102,1.2808410749637726,0.9839473071368954,1.0441289393518569e-05,1.1724860904207532,0.19207524992070862,-7.032615210921707
9.3,13.121817735152089,13.095579939460368,6.348822058518131,1.2854255706182784,0.9850495077426833,1.1083036739544858e-05,1.1715521315154611,0.19191679271258238,-7.031807543489155
9.325,13.168233085348904,13.140143853557031,6.324610466123044,1.2900727662448062,0.9863160817354967,1.15254960436334e-05,1.1706302713451964,0.1917008479298547,-7.0305097008018125
9.35,13.215352671443608,13.185398484692207,6.300198223378328,1.2947822612896784,0.9877414722209121,1.1792199757624594e-05,1.1697160838307685,0.19143013887206345,-7.028748697576047
9.375,13.263203078539691,13.231371075887528,6.2755709750930855,1.299553771341232,0.9893200676580587,1.1913693241007069e-05,1.1688053455769019,0.19110752097715267,-7.026551633385825
9.4,13.311810472310274,13.278088453913359,6.2507159745550425,1.3043871197673762,0.9910462149475845,1.192352407253229e-05,1.167894028218728,0.19073596965206158,-7.023945641699952
9.425,13.361200523505625,13.325576961390448,6.225622095937693,1.3092822309910432,0.9929142310195631,1.185513744493639e-05,1.1669782910639674,0.19031856856434007,-7.020957841811738
9.45,13.41139834126083,13.373862396487864,6.200279841070486,1.314239125319916,0.9949184131267288,1.1739576122410267e-05,1.1660544740542276,0.18985849841912433,-7.017615293453518
9.475,13.462428414537442,13.422969959669738,6.174681340632851,1.3192579152399992,0.9970530480373402,1.1603885107885084e-05,1.1651190910625215,0.18935902624284984,-7.013944953895718
9.5,13.514314561027255,13.472924206937344,6.148820349855866,1.3243388030764616,0.9993124203129822,1.147012470379648e-05,1.164168823537607,0.1888234951881887,-7.009973637345515
9.525,13.567079882840913,13.523749009008704,6.122692238840308,1.3294820799211817,1.0016908198423262,1.135489783873923e-05,1.1632005145010074,0.18825531487319885,-7.005727976474301
9.55,13.62074672830919,13.575467515881503,6.096293977625503,1.3346881257232979,1.0041825487931293,1.1269302334723676e-05,1.1622111628978056,0.1876579522611843,-7.001234385916239
9.575,13.675336659229888,13.628102126228569,6.069624116168998,1.3399574104373033,1.0067819281310533,1.121922269246648e-05,1.1611979182986023,0.18703492308592867,-6.996519027595997
9.6,13.730870422908502,13.681674461085763,6.042682759422852,1.345290496122368,1.0094833038436029,1.1205881392788394e-05,1.1601580759462151,0.18638978382167204,-6.99160777775821
9.625,13.787367928355659,13.736205341304903,6.015471537718162,1.3506880398872987,1.012281052994433,1.1226575435637905e-05,1.159089072137908,0.18572612419524187,-6.986526195587686
9.65,13.844848226029375,13.79171476826118,5.987993572693107,1.3561507975763034,1.0151695897220145,1.127553012966337e-05,1.1579884799319249,0.18504756023379343,-6.981299493319249
9.675,13.903329490534277,13.848221907324639,5.960253439023571,1.361679628093362,1.018143371285417,1.1344809168535792e-05,1.156854005163896,0.1843577278384299,-6.975952507755199
9.7,13.962829005722888,13.905745073629525,5.932257122236403,1.367275498265816,1.0211969042470228,1.1425227361073151e-05,1.1556834827576985,0.18366027687242437,-6.970509673117084
9.725,14.02336315167711,13.9643017197013,5.904011972904747,1.372939488151357,1.0243247508709734,1.1507219850923874e-05,1.1544748733139734,0.1829588657495726,-6.9649949951724075
9.75,14.084947393087353,14.023908424531413,5.875526657542228,1.3786727966971315,1.0275215358049548,1.1581629758991008e-05,1.1532262599576024,0.1822571565069307,-6.95943202658583
9.775,14.147596268587517,14.084580883720935,5.846811106526443,1.3844767476647624,1.030781953100513,1.1640384206870824e-05,1.151935845425369,0.18155881034432042,-6.953843843458464
9.8,14.21132338064801,14.146333900350017,5.8178764593945385,1.3903527957400947,1.0341007736173857,1.167703636716418e-05,1.150601949373546,0.18086748361195742,-6.948253023022809
9.825,14.276141385674809,14.209181376263817,5.788735007861155,1.3963025327528844,1.0374728528447574,1.168715915377652e-05,1.1492230058858541,0.18018682422754198,-6.942681622470927
9.85,14.342061984010599,14.273136303506044,5.759400136915543,1.4023276939379106,1.040893139163521,1.1668583661044628e-05,1.1477975611608222,0.17952046850282916,-6.937151158902019
9.875,14.409095909582623,14.338210755666605,5.729886264355817,1.4084301641752872,1.0443566825618953,1.162148220698684e-05,1.146324271358964,0.1788720383609678,-6.931682590377149
9.9,14.477252918990992,14.404415878951816,5.70020877911825,1.4146119841551783,1.0478586438084139,1.154830262005429e-05,1.1448019005889019,0.17824513892604293,-6.926296298077284
9.925,14.546541779880178,14.471761882822815,5.670383978755078,1.420875356419079,1.0513943040758567,1.145356576371198e-05,1.1432293190141756,0.17764335646752863,-6.9210120695616615
9.95,14.616970258485889,14.540258030087728,5.640429006407811,1.4272226512369572,1.0549590750019735,1.1343543521798737e-05,1.1416055010609467,0.17707025668393092,-6.915849083128504
9.975,14.688545106295672,14.609912626371244,5.61036178761313,1.4336564122873163,1.0585485091645501,1.1225838451276375e-05,1.139929523709346,0.1765293833115803,-6.910825893279796
10.0,14.761272045807722,14.68073300892213,5.580200967266818,1.4401793621145433,1.0621583109407526,1.110888939579885e-05,1.1382005648519022,0.17602425704728042,-6.905960417294919
10.025,14.835155755415652,14.752725534754287,5.549965847056094,1.446794407345342,1.065784347714719,1.1001429604263654e-05,1.1364179017033502,0.17555837477555353,-6.901269922916696
10.05,14.91019985348614,14.825895568149887,5.5196763236552835,1.4535046436536205,1.0694226613916502,1.0911924883062983e-05,1.13458090924812,0.1751352090945804,-6.89677101715326
10.075,14.98640688173554,14.90024746758499,5.489352827960788,1.4603133604704366,1.0730694801708678,1.0848019820850123e-05,1.132689058713595,0.17475820813772508,-6.892479636200085
10.1,15.0637782880408,14.975784572163793,5.4590162656227506,1.4672240454430425,1.0767212305280898,1.0816018843012086e-05,1.1307419160584307,0.17443079569095798,-6.888411036482003
10.125,15.142314408852926,15.052509187673476,5.428687959109613,1.474240388653651,1.0803745493525847,1.082042756177903e-05,1.1287391404677285,0.17415637160989914,-6.884579786815541
10.15,15.222014451401783,15.13042257239244,5.398389591521427,1.481366286615928,1.0840262961839056,1.0863577138589057e-05,1.1266804828488524,0.17393831254359557,-6.880999761689283
10.175,15.302876475901687,15.209524922800139,5.368143152345527,1.4886058460733307,1.0876735654916287,1.094535088446307e-05,1.124565784323626,0.17377997297559014,-6.877684135656245
10.2,15.384897377981218,15.289815359351358,5.337970885326961,1.4959633876298617,1.091313698941458,1.1063028659718071e-05,1.1223949747150355,0.17368468659661246,-6.874645378830941
10.225,15.468072871568213,15.371291912485281,5.307895238604697,1.5034434492496642,1.0949442975920904,1.1211259949674348e-05,1.120168071029019,0.17365576802579963,-6.871895253480006
10.25,15.552397472464637,15.453951509043202,5.277938817243427,1.5110507896675318,1.0985632339693625,1.1382171533512123e-05,1.1178851759338122,0.17369651490126548,-6.86944481169248
10.275,15.637864482842714,15.537789959269206,5.248124338271132,1.5187903917573276,1.1021686639668882,1.1565610660536115e-05,1.1155464762420524,0.17381021036334934,-6.86730439411274
10.3,15.724465976886089,15.622801944562406,5.218474588312539,1.526667465910175,1.10575903852626,1.1749519318291146e-05,1.1131522414024595,0.17400012595646414,-6.8654836297156665
10.325,15.812192787785587,15.708981006138632,5.18901238389149,1.5346874534785406,1.1093331150547296,1.1920430013965777e-05,1.1107028220107087,0.17426952497791004,-6.863991436600891
10.35,15.901034496281019,15.79631953474684,5.159760534457555,1.542856030345869,1.1128899685430822,1.206406851071335e-05,1.108198648350411,0.17462166630403247,-6.86283602377941
10.375,15.9909794209148,15.884808761564624,5.130741808177368,1.5511791106846184,1.1164290023533678,1.2166044292164925e-05,1.1056402289771086,0.17505980872549742,-6.862024893923614
10.4,16.082014610136117,15.974438750374734,5.101978900517086,1.5596628509685546,1.1199499586520159,1.2212605364376185e-05,1.1030281493599308,0.17558721582461775,-6.861564847047879
10.425,16.174125836359593,16.065198391097443,5.073494405630031,1.5683136543063882,1.123452928471644,1.2191430618618568e-05,1.100363070596221,0.17620716142848708,-6.861461985085283
10.45,16.267297592044134,16.157075394719417,5.045310790552931,1.5771381751661635,1.1269383613922332,1.209242974206369e-05,1.0976457282160124,0.17692293567179423,-6.861721717322777
10.475,16.361513087817812,16.250056289627956,5.017450372204914,1.5861433245597474,1.1304070748405313,1.1908519186963699e-05,1.0948769310930673,0.17773785170288744,-6.862348766655088
10.5,16.456754252627185,16.34412641931528,4.989935297176005,1.5953362757573992,1.1338602630146717,1.1636340931642643e-05,1.0920575604798775,0.17865525306615132,-6.863347176615546
10.525,16.553001735842106,16.439269941378726,4.962787524285658,1.6047244706014339,1.1372995054492994,1.127689103374566e-05,1.0891885691832446,0.17967852179232732,-6.864720319140726
10.55,16.65023491119578,16.535469827692918,4.936028809887587,1.6143156264868452,1.1407267752453496,1.083602548831315e-05,1.0862709808963862,0.18081108722709988,-6.866470903023018
10.575,16.748431882385056,16.63270786558186,4.909680695893205,1.6241177440743315,1.1441444469964077,1.0324812301635137e-05,1.0833058897018877,0.18205643562581292,-6.868600983006006
10.6,16.847569490099986,16.73096465976508,4.883764500485104,1.6341391157989174,1.1475553044527462,9.759701905136204e-06,1.0802944597581217,0.1834181205400317,-6.871111969474817
10.625,16.947623320194186,16.83021963479448,4.858301311489967,1.644388335232907,1.150962547971365,9.162491180320547e-06,1.0772379251786992,0.18489977401858523,-6.874004638694959
10.65,17.0485677126449,16.93045103764036,4.83331198238143,1.6548743073581318,1.1543698018092656,8.560060760423766e-06,1.07413759011152,0.18650511864252373,-6.877279143551247
10.675,17.150375770891312,17.03163594001912,4.808817130883625,1.6656062597967525,1.157781121324145,7.983870848373564e-06,1.0709948290198332,0.18823798040974365,-6.8809350247410475
10.7,17.25301937107379,17.13375023998944,4.784837140148471,1.676593755043975,1.1612010001543074,7.469206722313576e-06,1.0678110871630675,0.1901023024810729,-6.884971222375283
10.725,17.356469170630678,17.236768662269824,4.761392162481444,1.6878467037390323,1.1646343774567247,7.0541716920611155e-06,1.0645878812697602,0.19210215979545192,-6.88938608794345
10.75,17.460694615638577,17.340664756655503,4.738502125593395,1.6993753790029613,1.1680866452886527,6.77843282715539e-06,1.061326800388698,0.19424177455682004,-6.894177396599953
10.775,17.565663946209764,17.44541089382696,4.716186741359058,1.7111904318630808,1.171563656224416,6.681732714251147e-06,1.058029506897514,0.1965255325911244,-6.89934235973336
10.8,17.67134419918477,17.550978257754966,4.694465517065077,1.7233029077744833,1.1750717313053058,6.802188805997647e-06,1.0546977376402085,0.19895800056566854,-6.904877637782145
10.825,17.777701207273697,17.65733683380775,4.673357769133851,1.735724264238717,1.1786176684254086,7.174411095732938e-06,1.0513333051568363,0.20154394405844184,-6.910779353266303
10.85,17.884699593715144,17.764455391558112,4.652882639311178,1.7484663895082204,1.1822087512621846,7.827477839329385e-06,1.0479380989592275,0.2042883464583205,-6.917043104008567
10.875,17.992302761424618,17.872301461170665,4.633059113308507,1.7615416223534142,1.1858527588648586,8.782819406746965e-06,1.0445140867968603,0.20719642867119023,-6.923663976525973
10.9,18.100472875501083,17.980841302113266,4.613906041890987,1.7749627728561246,1.1895579760188295,1.0052070024472494e-05,1.0410633158466511,0.21027366959990443,-6.930636559579238
10.925,18.209170837844532,18.090039862790867,4.595442164403784,1.7887431441796955,1.193333204508411,1.1634958572153491e-05,1.037587913748921,0.21352582735903206,-6.937954957876116
10.95,18.31835625250917,18.19986072952885,4.577686134728372,1.8028965552510354,1.1971877754046367,1.351732086229145e-05,1.0340900894005014,0.21695896117641095,-6.945612805934863
10.975,18.427987380271492,18.310266063139768,4.560656549658855,1.817437364275424,1.2011315625088455,1.566932838813425e-05,1.0305721334035352,0.22057945392608275,-6.953603282124645
11.0,18.538021080729294,18.421216521090205,4.544371979685701,1.8323804929880292,1.205174997086928,1.8044042005503787e-05,1.0270364180556766,0.2243940352256167,-6.961919122912513
11.025,18.64841274005841,18.532671163028944,4.52885100216944,1.8477414515302497,1.2093290840325426,2.0576414085549528e-05,1.0234853967551072,0.22840980502144562,-6.970552637360306
11.05,18.759116182342133,18.644587337147435,4.514112236881318,1.8635363638211397,1.2136054196025061,2.3182879480915797e-05,1.0199216026801325,0.23263425757180356,-6.97949572193081
11.075,18.870083562138824,18.75692054450685,4.500174383879283,1.8797819932764146,1.218016210870342,2.576169489419224e-05,1.016347646589931,0.23707530572403335,-6.988739875679593
11.1,18.98126523566924,18.869624278073257,4.487056263677981,1.8964957687097561,1.2225742970485247,2.8194208357427186e-05,1.0127662135806283,0.24174130536543448,-6.99827621592798
11.125,19.09260960767692,18.98264983275113,4.474776859658705,1.9136958102312374,1.2272931728340681,3.0347266956471956e-05,1.009180058617223,0.2466410799083266,-7.008095494534147
11.15,19.20406295063171,19.095946082172983,4.463355362650643,1.9314009549399325,1.2321870139353654,3.2077001374075195e-05,1.005592000650619,0.2517839446479731,-7.01818811490115
11.175,19.315569192505155,19.209459217390563,4.452811217596494,1.949630782187394,1.2372707049425655,3.3234263103797105e-05,1.00200491511694,0.25717973080530776,-7.028544149886073
11.2,19.427069668836097,19.32313244189145,4.443164172195165,1.968405638170039,1.2425598697071543,3.367203450471561e-05,0.9984217246064138,0.2628388090363095,-7.039153360800594
11.225,19.538502834206614,19.436905616529593,4.434434327389848,1.9877466595886872,1.2480709043993978,3.325518561639329e-05,0.9948453874795045,0.2687721121533354,-7.050005217721544
11.25,19.64980392756467,19.550714846976902,4.426642189542109,2.0076757960947194,1.2538210134149135,3.187301727119448e-05,0.9912788842025662,0.274991156759695,-7.061088921358976
11.275,19.760904585029543,19.664492005164583,4.41980872410107,2.0282158312235192,1.2598282483028933,2.945510950306795e-05,0.98772520116866,0.2815080634474044,-7.0723934267617095
11.3,19.871732392895552,19.778164174848065,4.413955410540468,2.049390401497714,1.2661115498876605,2.5991092232194893e-05,0.9841873117678278,0.28833557514644903,-7.083907469170558
11.325,19.982210372484857,19.891653009877924,4.409104298296485,2.0712240133655158,1.2726907937524174,2.1555074594565076e-05,0.9806681544735572,0.2954870731369327,-7.095619592363356
11.35,20.09225638727448,20.00487399195061,4.405278063393285,2.0937420576233503,1.2795868392470058,1.6335616560924253e-05,0.9771706077158743,0.30297659014680256,-7.107518179867757
11.375,20.201782461312998,20.117735572508334,4.402500065392664,2.116970820957053,1.2868215821681672,1.0672307368188915e-05,0.9736974613227296,0.3108188198468282,-7.119591489450491
11.4,20.31069399632942,20.230138181017864,4.400794404248117,2.1409374942226873,1.2944180112414858,5.100238763354691e-06,0.9702513843272241,0.31902912192002836,-7.131827691321532
11.425,20.418888873099924,20.341973079031558,4.400185976580994,2.165670177076964,1.3024002685014857,4.039369238432053e-07,0.9668348889598295,0.3276235217197148,-7.144214910520297
11.45,20.526256420554727,20.45312103617583,4.4007005308282245,2.1911978785583925,1.3107937136207257,-2.317341472938141e-06,0.9634502906752697,0.3366187033281649,-7.156741273976044
11.475,20.632676233766702,20.563450800472726,4.402364720635587,2.217550513213955,1.3196249921697023,-1.5706193182514695e-06,0.9600996641019083,0.34603199458064626,-7.169394962753564
11.5,20.738016819358105,20.672817331131267,4.405206155789031,2.2447588923631048,1.3289221076915703,4.6263411446828435e-06,0.9567847948505032,0.355881342313143,-7.182164270008834
