freq_GHz,sum_eta_H,sum_eta_E_leak,sum_eta_reflection,sum_eta_all_ports,sum_balance_gap,diff_eta_E,diff_eta_H_leak
9.0,0.4310362467281526,1.2933048419397742e-06,0.5689624599654937,0.9999999999984882,1.5117906926320757e-12,0.8719218476066516,3.8836547557726876e-07
9.025,0.4320442392014918,1.287648520545644e-06,0.5679493324663982,0.9999948593164105,5.1406835894773906e-06,0.8709826266881182,3.9624699944178045e-07
9.05,0.4329902113240088,1.2812623210499139e-06,0.5669994404202652,0.999990933006595,9.066993404971413e-06,0.8700365287480876,4.043388678272412e-07
9.075,0.4338741693341366,1.2741803287032025e-06,0.5661129989848763,0.9999884424993417,1.1557500658287978e-05,0.8690835535218018,4.126395311146866e-07
9.1,0.4346963311192808,1.26643163058625e-06,0.565289770170601,0.9999873677215124,1.2632278487578752e-05,0.8681236975085276,4.2114716076161656e-07
9.125,0.43545712644344703,1.2580413996473451e-06,0.5645291378065109,0.9999875222913576,1.247770864243325e-05,0.8671569540974005,4.298596700430136e-07
9.15,0.43615719594565916,1.2490317251122384e-06,0.5638301783362031,0.9999886233135874,1.1376686412600812e-05,0.866183313672299,4.387747332724993e-07
9.175,0.4367973889169931,1.2394224004673382e-06,0.5631917233409394,0.999990351680333,9.648319666988314e-06,0.8652027637074796,4.4788978183566325e-07
9.2,0.4373787598739049,1.2292316644085501e-06,0.5626124104124266,0.999992399517996,7.600482003988773e-06,0.8642152888592559,4.572020836054687e-07
9.225,0.4379025639960664,1.2184766713304081e-06,0.5620907205903665,0.9999945030631041,5.496936895887927e-06,0.8632208710434255,4.6670867575882525e-07
9.25,0.43837025144353026,1.207174173869787e-06,0.5616250024293836,0.9999964610470877,3.5389529122742402e-06,0.8622194895059225,4.7640646223205245e-07
9.275,0.438783460661315,1.1953408452547823e-06,0.5612134843124341,0.9999981403145944,1.8596854055585865e-06,0.8612111208964308,4.86292173121963e-07
9.3,0.4391440107058676,1.1829937135055278e-06,0.5608542778855614,0.9999994715851426,5.284148574258296e-07,0.8601957393261519,4.963624327917288e-07
9.325,0.4394538927090721,1.1701505020171357e-06,0.5605453759625874,1.0000004388221615,-4.3882216149704334e-07,0.8591733164283131,5.066137337704053e-07
9.35,0.4397152605520243,1.1568298847162657e-06,0.5602846480884268,1.0000010654703357,-1.0654703357371176e-06,0.8581438214082919,5.170424899642244e-07
9.375,0.43993042085146494,1.143051701738773e-06,0.5600698363785946,1.0000014002817614,-1.4002817614322538e-06,0.8571072211016992,5.276450369663859e-07
9.4,0.4401018223596879,1.1288371741859282e-06,0.5598985534924621,1.0000015046893242,-1.5046893242498527e-06,0.8560634800259361,5.384176306037027e-07
9.425,0.44023204487353296,1.1142090672322668e-06,0.5597682835984332,1.0000014426810333,-1.4426810333034723e-06,0.8550125604213752,5.493565094357417e-07
9.45,0.44032378776897213,1.0991917829152325e-06,0.5596763867179371,1.000001273678692,-1.2736786920708454e-06,0.8539544223057591,5.604578621295633e-07
9.475,0.44037985823856196,1.0838114402469333e-06,0.5596201060785385,1.0000010481285406,-1.048128540626081e-06,0.8528890235194857,5.717178671488055e-07
9.5,0.4404031593676664,1.0680960357786644e-06,0.5595965780384289,1.000000805502131,-8.055021309960608e-07,0.8518163197708746,5.831326733214798e-07
9.525,0.4403966781013479,1.0520753735273356e-06,0.5596028438471028,1.0000005740238243,-5.740238242513129e-07,0.8507362646908326,5.946984650989897e-07
9.55,0.440363473224013,1.035781194963213e-06,0.5596358626198286,1.0000003716250365,-3.716250365215501e-07,0.8496488098743032,6.064114083542209e-07
9.575,0.44030666342394004,1.019247142957074e-06,0.5596925249084959,1.0000002075795789,-2.075795788591961e-07,0.848553904934967,6.182677023760824e-07
9.6,0.44022941551322753,1.0025087672441618e-06,0.5597696664220904,1.0000000844440853,-8.444408527985559e-08,0.847451497549491,6.302635662164573e-07
9.625,0.44013493287612004,9.856035331851478e-07,0.5598640815208313,1.0000000000004847,-4.847233725513433e-13,0.8463415335174381,6.423952504400123e-07
9.65,0.44002644421004034,9.685707917756583e-07,0.5599725362256176,0.9999999490064496,5.099355038229447e-08,0.8452239568068834,6.546589966185577e-07
9.675,0.4399071925986175,9.514517412725661e-07,0.5600917806420024,0.9999999246923611,7.530763890262193e-08,0.8440987096156777,6.670511493913363e-07
9.7,0.43978042495722836,9.342893815966918e-07,0.5602185606171153,0.9999999198637253,8.013627472713836e-08,0.8429657324235954,6.795679998581644e-07
9.725,0.4396493819023737,9.171284756369066e-07,0.5603496287378671,0.9999999277687164,7.223128362099374e-08,0.8418249640561609,6.922059212054186e-07
9.75,0.4395172880276217,9.000154728920031e-07,0.5604817545448549,0.9999999425879496,5.7412050447069873e-08,0.8406763417393917,7.049612957847894e-07
9.775,0.43938734264661256,8.829984672372455e-07,0.5606117340700392,0.999999959715119,4.028488098661853e-08,0.839519801162272,7.178305151906183e-07
9.8,0.4392627109598235,8.66127075189007e-07,0.5607363987653291,0.9999999758522279,2.4147772115235e-08,0.838355276545743,7.308099764011379e-07
9.825,0.4391465156683172,8.494524212371818e-07,0.5608526237978475,0.999999988918586,1.1081414008629054e-08,0.8371827007102149,7.43896070555303e-07
9.85,0.43904182901472505,8.3302698350425e-07,0.5609573358666184,0.9999999979083269,2.0916730569808806e-09,0.8360020051302179,7.570851933689889e-07
9.875,0.43895166522180423,8.169045520194267e-07,0.5610475205416305,1.0000000026679867,-2.6679867204393304e-09,0.8348131200199422,7.703737209883745e-07
9.9,0.438878973304038,8.01140069213716e-07,0.5611202292160711,1.0000000036601784,-3.6601783826029077e-09,0.8336159743980746,7.837579431002788e-07
9.925,0.43882663021404994,7.85789574274026e-07,0.5611725857320217,1.0000000017356458,-1.7356458492656657e-09,0.8324104961589239,7.972341647639057e-07
9.95,0.43879743428607315,7.709100478324984e-07,0.5612017927303794,0.9999999979265004,2.0734995942461865e-09,0.8311966121487042,8.10798547242885e-07
9.975,0.438794098911443,7.565593385793366e-07,0.5612051378083862,0.9999999932791678,6.72083222408304e-09,0.8299742482506304,8.244472121741724e-07
10.0,0.438819246413009,7.427959593094e-07,0.5611799995117475,0.9999999887207158,1.1279284173326687e-08,0.8287433294506704,8.381761418607643e-07
10.025,0.4388754020360074,7.296790555895185e-07,0.5611238532633935,0.9999999849784565,1.502154345356388e-08,0.8275037799287647,8.519811819245408e-07
10.05,0.43896498800636224,7.172681531871746e-07,0.5610342772565364,0.9999999825310518,1.746894817689082e-08,0.8262555231320691,8.658579954834405e-07
10.075,0.43909031757736156,7.056231200670432e-07,0.5609089584050176,0.9999999816054993,1.8394500700402716e-08,0.8249984818671292,8.798021051559637e-07
10.1,0.439253588991024,6.94803939648736e-07,0.5607456983991985,0.9999999821941622,1.7805837804196756e-08,0.8237325783791785,8.938087483345766e-07
10.125,0.4394568792847873,6.848706263940326e-07,0.5605424199409752,0.999999984096389,1.5903610983691863e-08,0.8224577344452435,9.078729511845864e-07
10.15,0.43970213784523815,6.758830082821784e-07,0.5602971732474222,0.9999999869756686,1.3024331391164878e-08,0.8211738714556137,9.219894319403791e-07
10.175,0.4399911796318055,6.679006188705405e-07,0.5600081428814594,0.9999999904138838,9.586116234139297e-09,0.8198809105103719,9.361525867979031e-07
10.2,0.4403256779939858,6.609825133636674e-07,0.5596736550064847,0.9999999939829838,6.017016218606841e-09,0.8185787725080669,9.503564370027864e-07
10.225,0.4407071569522613,6.551871148415887e-07,0.5592921851447712,0.9999999972841473,2.7158526538784145e-09,0.8172673782456112,9.645946046643016e-07
10.25,0.4411369828929116,6.505720561835495e-07,0.5588623665348142,0.999999999999782,2.1804780203638074e-13,0.8159466485063984,9.78860244871463e-07
10.275,0.44161635553408846,6.471940179835882e-07,0.5583829991935525,1.0000000019216588,-1.9216588320603023e-09,0.8146165041647553,9.931460117789753e-07
10.3,0.44214629808925565,6.45108572579917e-07,0.5578530597619795,1.0000000029598077,-2.959807732239028e-09,0.8132768662849512,1.0074439994947377e-06
10.325,0.442727646508189,6.443700273090987e-07,0.5572717122668437,1.00000000314506,-3.1450599902171916e-09,0.8119276562211427,1.0217456893943048e-06
10.35,0.4433610376852399,6.450312755836028e-07,0.5566383198978726,1.000000002614388,-2.614388039390292e-09,0.8105687957271691,1.0360418853683258e-06
10.375,0.4440468965370059,6.471436519966484e-07,0.5559524579059644,1.0000000015866222,-1.5866221669824654e-09,0.8092002070582897,1.0503226572340598e-06
10.4,0.44478542180852326,6.507567934997441e-07,0.555213927755617,1.0000000003209337,-3.209337240406285e-10,0.8078218130877951,1.064577270089643e-06
10.425,0.44557657052871563,6.559185027553942e-07,0.5544227726445943,0.9999999990918127,9.081873031391297e-10,0.8064335374155281,1.0787941074257415e-06
10.45,0.4464200409667643,6.626746475076673e-07,0.5535792945003667,0.9999999981417785,1.858221465589338e-09,0.8050353044847985,1.0929606089151511e-06
10.475,0.4473152539882097,6.71069021278321e-07,0.5526840725935909,0.9999999976508218,2.3491781853124394e-09,0.8036270397064428,1.107063174138352e-06
10.5,0.44826133270054896,6.811433011545528e-07,0.5517379838694025,0.9999999977132527,2.2867473470356003e-09,0.8022086695796876,1.1210870885544647e-06
10.525,0.4492570802697171,6.929368990418137e-07,0.5507422251184655,0.9999999983250817,1.6749183151532065e-09,0.8007801218214156,1.1350164371072657e-06
10.55,0.45030095580275203,7.064869565174116e-07,0.5496983370832578,0.9999999993729664,6.270336472269378e-10,0.7993413254946513,1.1488340019651749e-06
10.575,0.4513910482106713,7.218282903509128e-07,0.5486082306175175,1.000000000656479,-6.564790933083486e-10,0.7978922111541289,1.1625211697377177e-06
10.6,0.45252504795893683,7.389933553440769e-07,0.5474742149618761,1.0000000019141682,-1.9141681573131564e-09,0.7964327109797178,1.1760578310940112e-06
10.625,0.4537002166379088,7.58012300735749e-07,0.5462990282031286,1.000000002853338,-2.8533380103112904e-09,0.7949627589342377,1.1894222772072548e-06
10.65,0.4549133543172127,7.789129254141127e-07,0.545085869975522,1.0000000032056602,-3.2056601817487262e-09,0.7934822909116623,1.2025910895472905e-06
10.675,0.4561607646482522,8.017208341221273e-07,0.5438384364042077,1.000000002773294,-2.7732940388602856e-09,0.7919912449018665,1.2155390252480287e-06
10.7,0.45743821775218413,8.264594462765116e-07,0.5425609572715268,1.0000000014831572,-1.4831571526485732e-09,0.7904895611633234,1.2282389130821221e-06
10.725,0.45874091093531993,8.531502019634117e-07,0.5412582353406736,0.9999999994261954,5.73804559422797e-10,0.78897718239452,1.2406615328742475e-06
10.75,0.4600634273407014,8.818126663974465e-07,0.539935687736546,0.9999999968899138,3.11008618858466e-09,0.7874540539294583,1.2527755056303772e-06
10.775,0.46139969273557113,9.12464792452546e-07,0.5385993891712357,0.9999999943715993,5.628400745472106e-09,0.7859201239254342,1.264547181564642e-06
10.8,0.46274293064242034,9.451231306409997e-07,0.5372561167919063,0.9999999925574573,7.4425426932478445e-09,0.7843753435833861,1.275940532238756e-06
10.825,0.4640856161958963,9.79803116176512e-07,0.5359133962895739,0.9999999922885863,7.711413729794003e-09,0.7828196673578744,1.28691705119162e-06
10.85,0.46541942913723083,1.016519448359814e-06,0.5345795488186194,0.9999999944752985,5.524701474080018e-09,0.781253053197936,1.29743565777445e-06
10.875,0.4667352065318051,1.0552864133705784e-06,0.5332637381819294,1.0000000000001479,-1.4788170688007085e-13,0.7796754627937181,1.3074526171608377e-06
10.9,0.4680228959042644,1.0961183462748806e-06,0.5319760175634805,1.000000009586091,-9.586091032076638e-09,0.7780868618398218,1.3169214772766407e-06
10.925,0.4692715096578965,1.139030121946578e-06,0.5307273749538886,1.000000023641907,-2.3641907098692627e-08,0.7764872203227472,1.32579301921627e-06
10.95,0.4704690818220519,1.1840376164689455e-06,0.5295297762531876,1.000000042112856,-4.2112856091236495e-08,0.7748765128135907,1.3340152370694209e-06
10.975,0.4716026283505586,1.2311583276086627e-06,0.5283962048059295,1.0000000643148157,-6.431481569535435e-08,0.7732547188042314,1.3415333439183776e-06
11.0,0.47265811244409583,1.2804119349361727e-06,0.5273406959716775,1.0000000888277083,-8.882770829998776e-08,0.7716218230483193,1.3482898170780108e-06
11.025,0.47362041652685843,1.3318209603829086e-06,0.5263783650359759,1.0000001133837948,-1.1338379479752803e-07,0.7699778159328321,1.3542244787741025e-06
11.05,0.4744733228398237,1.3854114834169356e-06,0.5255254266216389,1.0000001348729461,-1.3487294614478174e-07,0.7683226938861236,1.3592746334102192e-06
11.075,0.4751995047446075,1.441213792407162e-06,0.5247992034129354,1.0000001493713353,-1.4937133530068536e-07,0.766656459811057,1.3633752618927982e-06
11.1,0.475780531155151,1.4992631372059306e-06,0.524218121885297,1.0000001523035853,-1.5230358529905175e-07,0.764979123553877,1.3664592674233017e-06
11.125,0.4761968866780658,1.5596005491051069e-06,0.5238016924009505,1.0000001386795656,-1.3867956560886796e-07,0.7632907024183547,1.3684578156650423e-06
11.15,0.47642801024196646,1.622273435414858e-06,0.5235704709264501,1.000000103441852,-1.0344185197297406e-07,0.7615912217114263,1.3693007357650158e-06
11.175,0.47645235513123557,1.6873365501700782e-06,0.5235459994242693,1.0000000418920552,-4.189205515814365e-08,0.7598807153489285,1.3689170234870486e-06
11.2,0.47624747341623164,1.754852504649355e-06,0.5237507219219277,0.9999999501906641,4.980933587805936e-08,0.7581592265117766,1.3672354390011775e-06
11.225,0.4757901277263305,1.824892630359037e-06,0.52420787330738,0.9999998259263408,1.7407365915378392e-07,0.7564268083499842,1.3641852046036085e-06
11.25,0.4750564331927163,1.897537591893735e-06,0.5249413379845433,0.9999996687148516,3.312851484249535e-07,0.7546835247677206,1.3596968082203687e-06
11.275,0.47402203206525745,1.9728778794155884e-06,0.5259754759066986,0.9999994808498355,5.191501645240848e-07,0.7529294512687906,1.3537029320167517e-06
11.3,0.4726623030960584,2.0510144246992026e-06,0.5273349139570008,0.999999268067484,7.319325160404233e-07,0.7511646758836502,1.3461394685442705e-06
11.325,0.47095260706920894,2.1320589704754615e-06,0.5290443013710415,0.999999040499221,9.59500779051936e-07,0.7493893001957889,1.3369466736884377e-06
11.35,0.4688685690435639,2.2161341657550913e-06,0.5311280288890154,0.9999988140667452,1.185933254821414e-06,0.7476034404419701,1.3260703837346136e-06
11.375,0.46638639671284565,2.3033738305826413e-06,0.5336099125199066,0.9999986126065828,1.38739341715155e-06,0.7458072287460749,1.3134633468650822e-06
11.4,0.4634832330472865,2.3939227194381613e-06,0.536512844315564,0.99999847128557,1.528714430043543e-06,0.7440008144577388,1.2990866736599776e-06
11.425,0.46013753975090765,2.4879361996765905e-06,0.5398584142934049,0.9999984419805122,1.558019487757356e-06,0.7421843656258555,1.2829111595340496e-06
11.45,0.4563295064490979,2.5855796511697986e-06,0.5436665095468476,0.9999986015755966,1.3984244033871107e-06,0.740358070622687,1.264918894382054e-06
11.475,0.452041478633712,2.6870276091066876e-06,0.5479548987128908,0.999999064374212,9.356257879566954e-07,0.7385221399302894,1.245104581038405e-06
11.5,0.44725839555319286,2.792462531772707e-06,0.5527388119843237,1.0000000000000484,-4.8405723873656825e-14,0.7366768081021695,1.2234769878694635e-06
